Sample ID,Top depth (cm),Bottom depth (cm),Age (cal yr BP),Pinus,Picea,Abies,Betula,Alnus,Quercus,Ulmus,Fraxinus,Tsuga,Poaceae,Cyperaceae,Artemisia,Ambrosia,Chenopodiaceae,Lycopodium spike,Polypodiaceae,Typha,Indeterminate,Total pollen
LP-01,100,101,181,83,4,0,22,14,39,12,4,24,17,12,0,12,4,49,3,1,3,247
LP-02,120,121,684,52,12,2,22,9,36,11,7,20,13,7,0,5,5,42,5,2,7,201
LP-03,140,141,1134,71,5,1,17,10,35,9,4,16,21,11,1,6,2,35,4,0,8,209
LP-04,160,161,1603,79,12,1,13,12,26,7,1,12,15,19,0,0,3,49,6,0,0,200
LP-05,180,181,2077,62,16,1,19,7,29,9,5,16,15,15,2,2,2,31,6,4,0,200
LP-06,200,201,2560,60,19,0,28,12,26,8,6,16,24,12,0,3,3,33,7,4,2,217
LP-07,220,221,3025,70,14,1,14,16,15,5,1,11,23,12,1,4,9,36,5,1,3,196
LP-08,240,241,3502,58,20,2,20,13,19,8,5,11,25,23,5,4,2,37,5,3,5,215
LP-09,260,261,3933,42,21,1,19,13,21,4,0,13,17,16,2,3,0,45,3,2,7,172
LP-10,280,281,4434,48,25,5,6,13,13,8,0,12,29,18,4,3,3,39,9,4,3,187
LP-11,300,301,4884,55,23,3,23,10,22,1,0,13,18,14,0,4,4,50,2,2,1,190
LP-12,320,321,5332,36,29,8,26,9,13,5,2,16,39,27,6,0,3,32,2,0,4,219
LP-13,340,341,5799,40,27,10,21,7,12,7,1,14,17,22,9,1,4,35,3,1,4,192
LP-14,360,361,6295,49,25,5,14,13,7,5,3,1,25,23,3,2,1,45,7,2,4,176
LP-15,380,381,6786,30,31,5,9,12,14,4,2,7,27,24,8,0,8,36,3,1,6,181
LP-16,400,401,7251,30,34,0,18,17,8,4,1,3,29,20,12,1,0,41,7,4,7,177
LP-17,420,421,7706,41,46,7,19,13,9,0,2,6,25,18,14,1,4,35,8,4,4,205
LP-18,440,441,8186,28,31,3,19,11,8,3,0,6,28,23,22,3,6,45,0,0,0,191
LP-19,460,461,8651,35,52,2,16,11,8,1,0,9,36,19,9,5,5,52,7,0,4,208
LP-20,480,481,9140,14,49,5,18,7,0,3,0,5,44,22,12,2,5,37,3,4,0,186
LP-21,500,501,9544,31,45,5,18,1,5,3,2,0,35,30,14,0,2,46,4,3,0,191
LP-22,520,521,10027,16,49,8,20,15,4,0,1,4,39,34,15,1,4,37,7,3,6,210
LP-23,540,541,10513,14,53,10,19,17,2,0,0,0,36,27,30,2,6,50,7,3,6,216
LP-24,560,561,11000,18,50,8,26,3,0,0,0,0,30,22,39,3,5,38,4,4,0,204
